id,name,version,type,size,width,height,uri
1,1,0,jpg,NULL,NULL,NULL,/api/image/file/gallery/1.jpg
2,2,0,jpg,NULL,NULL,NULL,/api/image/file/gallery/2.jpg
3,3,0,jpg,NULL,NULL,NULL,/api/image/file/gallery/3.jpg
4,4,0,jpg,NULL,NULL,NULL,/api/image/file/gallery/4.jpg
5,5,0,jpg,NULL,NULL,NULL,/api/image/file/gallery/5.jpg
6,6,0,jpg,NULL,NULL,NULL,/api/image/file/gallery/6.jpg
7,7,0,jpg,NULL,NULL,NULL,/api/image/file/gallery/7.jpg
8,8,0,jpg,NULL,NULL,NULL,/api/image/file/gallery/8.jpg
9,9,0,jpg,NULL,NULL,NULL,/api/image/file/gallery/9.jpg
10,10,0,jpg,NULL,NULL,NULL,/api/image/file/gallery/10.jpg
11,11,0,jpg,NULL,NULL,NULL,/api/image/file/gallery/11.jpg
12,12,0,jpg,NULL,NULL,NULL,/api/image/file/gallery/12.jpg
13,13,0,jpg,NULL,NULL,NULL,/api/image/file/gallery/13.jpg
14,14,0,jpg,NULL,NULL,NULL,/api/image/file/gallery/14.jpg
15,15,0,jpg,NULL,NULL,NULL,/api/image/file/gallery/15.jpg
